{"cameraMode":{"drawMode":0,"name":"Shaded","section":"Shading Mode"},"sceneLighting":false,"audioPlay":false,"sceneViewState":{"m_AlwaysRefresh":false,"showFog":true,"showSkybox":false,"showFlares":true,"showImageEffects":true,"showParticleSystems":true,"showVisualEffectGraphs":true,"m_FxEnabled":true},"in2DMode":false,"pivot":{"x":-3.5059151649475099,"y":-3.2908239364624025,"z":3.408027172088623},"rotation":{"x":0.028803573921322824,"y":0.017131682485342027,"z":-0.0006907288916409016,"w":0.9996119141578674},"size":0.9185585379600525,"orthographic":false}